Epoch,Train Loss,Val Loss
1,6.267825538461858,6.822126865386963
2,4.120958891781894,4.853814125061035
